https://engineering.case.edu/sites/default/files/125.mat,125.mat
https://engineering.case.edu/sites/default/files/138.mat,138.mat
https://engineering.case.edu/sites/default/files/151.mat,151.mat
https://engineering.case.edu/sites/default/files/164.mat,164.mat
https://engineering.case.edu/sites/default/files/174.mat,174.mat
https://engineering.case.edu/sites/default/files/189.mat,189.mat
https://engineering.case.edu/sites/default/files/201.mat,201.mat
https://engineering.case.edu/sites/default/files/175.mat,175.mat
https://engineering.case.edu/sites/default/files/190.mat,190.mat
https://engineering.case.edu/sites/default/files/202.mat,202.mat
https://engineering.case.edu/sites/default/files/176.mat,176.mat
https://engineering.case.edu/sites/default/files/191.mat,191.mat
https://engineering.case.edu/sites/default/files/203.mat,203.mat
https://engineering.case.edu/sites/default/files/177.mat,177.mat
https://engineering.case.edu/sites/default/files/192.mat,192.mat
https://engineering.case.edu/sites/default/files/204.mat,204.mat
https://engineering.case.edu/sites/default/files/213.mat,213.mat
https://engineering.case.edu/sites/default/files/226.mat,226.mat
https://engineering.case.edu/sites/default/files/238.mat,238.mat
https://engineering.case.edu/sites/default/files/250.mat,250.mat
https://engineering.case.edu/sites/default/files/262.mat,262.mat
https://engineering.case.edu/sites/default/files/214.mat,214.mat
https://engineering.case.edu/sites/default/files/227.mat,227.mat
https://engineering.case.edu/sites/default/files/239.mat,239.mat
https://engineering.case.edu/sites/default/files/251.mat,251.mat
https://engineering.case.edu/sites/default/files/263.mat,263.mat
https://engineering.case.edu/sites/default/files/215.mat,215.mat
https://engineering.case.edu/sites/default/files/228.mat,228.mat
https://engineering.case.edu/sites/default/files/240.mat,240.mat
https://engineering.case.edu/sites/default/files/252.mat,252.mat
https://engineering.case.edu/sites/default/files/264.mat,264.mat
https://engineering.case.edu/sites/default/files/217.mat,217.mat
https://engineering.case.edu/sites/default/files/229.mat,229.mat
https://engineering.case.edu/sites/default/files/241.mat,241.mat
https://engineering.case.edu/sites/default/files/253.mat,253.mat
https://engineering.case.edu/sites/default/files/265.mat,265.mat
